"comm_fkt","CSB","tot_consult","perc_consult"
"AMBIABE_AMBALAFASINA","AMBIABE",63,0.875
"AMBIABE_AMBALAFASINA","AMBOHIMANGA DU SUD",5,0.0694444444444444
"AMBIABE_AMBALAFASINA","KELILALINA",3,0.0416666666666667
"AMBIABE_AMBALAFASINA","MAROTOKO",1,0.0138888888888889
"AMBIABE_AMBALATENINA","AMBIABE",371,0.685767097966728
"AMBIABE_AMBALATENINA","IFANADIANA",162,0.299445471349353
"AMBIABE_AMBALATENINA","KELILALINA",6,0.011090573012939
"AMBIABE_AMBALATENINA","MAROTOKO",1,0.00184842883548983
"AMBIABE_AMBALATENINA","RANOMAFANA",1,0.00184842883548983
"AMBIABE_AMBIABE I","AMBIABE",1897,0.727377300613497
"AMBIABE_AMBIABE I","ANTARETRA",1,0.000383435582822086
"AMBIABE_AMBIABE I","IFANADIANA",692,0.265337423312883
"AMBIABE_AMBIABE I","KELILALINA",16,0.00613496932515337
"AMBIABE_AMBIABE I","RANOMAFANA",2,0.000766871165644172
"AMBIABE_AMBINANINDRANOTELO","AMBIABE",614,0.557674841053588
"AMBIABE_AMBINANINDRANOTELO","ANALAMARINA",1,0.000908265213442325
"AMBIABE_AMBINANINDRANOTELO","IFANADIANA",476,0.432334241598547
"AMBIABE_AMBINANINDRANOTELO","RANOMAFANA",10,0.00908265213442325
"AMBIABE_ANKABOKA","AMBIABE",754,0.766260162601626
"AMBIABE_ANKABOKA","ANDRORANGAVOLA",1,0.00101626016260163
"AMBIABE_ANKABOKA","IFANADIANA",214,0.217479674796748
"AMBIABE_ANKABOKA","KELILALINA",14,0.0142276422764228
"AMBIABE_ANKABOKA","RANOMAFANA",1,0.00101626016260163
"AMBIABE_SAHAVATANA","AMBIABE",216,0.833976833976834
"AMBIABE_SAHAVATANA","IFANADIANA",5,0.0193050193050193
"AMBIABE_SAHAVATANA","KELILALINA",38,0.146718146718147
"AMBOHIMANGA DU SUD_AMBALAHERANA","AMBOHIMANGA DU SUD",221,0.91701244813278
"AMBOHIMANGA DU SUD_AMBALAHERANA","FASINTSARA",15,0.0622406639004149
"AMBOHIMANGA DU SUD_AMBALAHERANA","TSARATANANA",5,0.020746887966805
"AMBOHIMANGA DU SUD_AMBALAVARY","AMBODIMANGA NORD",100,0.3690036900369
"AMBOHIMANGA DU SUD_AMBALAVARY","AMBOHIMANGA DU SUD",163,0.601476014760148
"AMBOHIMANGA DU SUD_AMBALAVARY","ANALAMPASINA",8,0.029520295202952
"AMBOHIMANGA DU SUD_AMBATOFANOKONANA","AMBOHIMANGA DU SUD",94,0.94949494949495
"AMBOHIMANGA DU SUD_AMBATOFANOKONANA","ANALAMPASINA",3,0.0303030303030303
"AMBOHIMANGA DU SUD_AMBATOFANOKONANA","ANTARETRA",2,0.0202020202020202
"AMBOHIMANGA DU SUD_AMBILANIBE","AMBOHIMANGA DU SUD",205,0.976190476190476
"AMBOHIMANGA DU SUD_AMBILANIBE","ANALAMPASINA",2,0.00952380952380952
"AMBOHIMANGA DU SUD_AMBILANIBE","ANTARETRA",3,0.0142857142857143
"AMBOHIMANGA DU SUD_AMBODIARA","AMBODIARA SUD",1,0.00124688279301746
"AMBOHIMANGA DU SUD_AMBODIARA","AMBODIMANGA NORD",86,0.107231920199501
"AMBOHIMANGA DU SUD_AMBODIARA","AMBOHIMANGA DU SUD",715,0.891521197007481
"AMBOHIMANGA DU SUD_AMBODIMANGA NORD","AMBODIMANGA NORD",1187,0.960355987055016
"AMBOHIMANGA DU SUD_AMBODIMANGA NORD","AMBOHIMANGA DU SUD",47,0.0380258899676375
"AMBOHIMANGA DU SUD_AMBODIMANGA NORD","ANTARETRA",1,0.000809061488673139
"AMBOHIMANGA DU SUD_AMBODIMANGA NORD","KELILALINA",1,0.000809061488673139
"AMBOHIMANGA DU SUD_AMBODIRAFIA","AMBODIMANGA NORD",94,0.175373134328358
"AMBOHIMANGA DU SUD_AMBODIRAFIA","AMBOHIMANGA DU SUD",429,0.800373134328358
"AMBOHIMANGA DU SUD_AMBODIRAFIA","ANALAMARINA",1,0.00186567164179104
"AMBOHIMANGA DU SUD_AMBODIRAFIA","ANALAMPASINA",6,0.0111940298507463
"AMBOHIMANGA DU SUD_AMBODIRAFIA","ANTARETRA",3,0.00559701492537313
"AMBOHIMANGA DU SUD_AMBODIRAFIA","ANTSINDRA",1,0.00186567164179104
"AMBOHIMANGA DU SUD_AMBODIRAFIA","FASINTSARA",1,0.00186567164179104
"AMBOHIMANGA DU SUD_AMBODIRAFIA","IFANADIANA",1,0.00186567164179104
"AMBOHIMANGA DU SUD_AMBODIVOASARY","AMBODIMANGA NORD",3,0.00909090909090909
"AMBOHIMANGA DU SUD_AMBODIVOASARY","AMBOHIMANGA DU SUD",323,0.978787878787879
"AMBOHIMANGA DU SUD_AMBODIVOASARY","ANALAMPASINA",4,0.0121212121212121
"AMBOHIMANGA DU SUD_AMBOHIMANGA SUD","AMBODIARA SUD",1,0.000315855969677827
"AMBOHIMANGA DU SUD_AMBOHIMANGA SUD","AMBODIMANGA NORD",4,0.00126342387871131
"AMBOHIMANGA DU SUD_AMBOHIMANGA SUD","AMBOHIMANGA DU SUD",3133,0.989576753000632
"AMBOHIMANGA DU SUD_AMBOHIMANGA SUD","AMBOHIMIERA",2,0.000631711939355654
"AMBOHIMANGA DU SUD_AMBOHIMANGA SUD","ANALAMARINA",1,0.000315855969677827
"AMBOHIMANGA DU SUD_AMBOHIMANGA SUD","IFANADIANA",21,0.00663297536323437
"AMBOHIMANGA DU SUD_AMBOHIMANGA SUD","TSARATANANA",4,0.00126342387871131
"AMBOHIMANGA DU SUD_AMBOHIMIRANTY","AMBODIARA SUD",9,0.015025041736227
"AMBOHIMANGA DU SUD_AMBOHIMIRANTY","AMBODIMANGA NORD",9,0.015025041736227
"AMBOHIMANGA DU SUD_AMBOHIMIRANTY","AMBOHIMANGA DU SUD",499,0.8330550918197
"AMBOHIMANGA DU SUD_AMBOHIMIRANTY","ANALAMPASINA",80,0.13355592654424
"AMBOHIMANGA DU SUD_AMBOHIMIRANTY","ANTSINDRA",1,0.00166944908180301
"AMBOHIMANGA DU SUD_AMBOHIMIRANTY","TSARATANANA",1,0.00166944908180301
"AMBOHIMANGA DU SUD_ANDRORANGAVOLA NORD","AMBODIMANGA NORD",173,0.38876404494382
"AMBOHIMANGA DU SUD_ANDRORANGAVOLA NORD","AMBOHIMANGA DU SUD",252,0.566292134831461
"AMBOHIMANGA DU SUD_ANDRORANGAVOLA NORD","ANALAMPASINA",18,0.0404494382022472
"AMBOHIMANGA DU SUD_ANDRORANGAVOLA NORD","ANDRORANGAVOLA",1,0.00224719101123596
"AMBOHIMANGA DU SUD_ANDRORANGAVOLA NORD","ANTSINDRA",1,0.00224719101123596
"AMBOHIMANGA DU SUD_ANTANJONA","AMBODIMANGA NORD",35,0.238095238095238
"AMBOHIMANGA DU SUD_ANTANJONA","AMBOHIMANGA DU SUD",42,0.285714285714286
"AMBOHIMANGA DU SUD_ANTANJONA","ANALAMARINA",39,0.26530612244898
"AMBOHIMANGA DU SUD_ANTANJONA","ANALAMPASINA",8,0.054421768707483
"AMBOHIMANGA DU SUD_ANTANJONA","ANTSINDRA",22,0.149659863945578
"AMBOHIMANGA DU SUD_ANTANJONA","TSARATANANA",1,0.00680272108843537
"AMBOHIMANGA DU SUD_FALIARIVO","AMBOHIMANGA DU SUD",130,0.849673202614379
"AMBOHIMANGA DU SUD_FALIARIVO","ANALAMARINA",3,0.0196078431372549
"AMBOHIMANGA DU SUD_FALIARIVO","ANTSINDRA",20,0.130718954248366
"AMBOHIMANGA DU SUD_FASINTSARA ANDAKANA","AMBODIMANGA NORD",2,0.016
"AMBOHIMANGA DU SUD_FASINTSARA ANDAKANA","AMBOHIMANGA DU SUD",123,0.984
"AMBOHIMANGA DU SUD_MANDROALINA","AMBODIMANGA NORD",4,0.0067911714770798
"AMBOHIMANGA DU SUD_MANDROALINA","AMBOHIMANGA DU SUD",573,0.972835314091681
"AMBOHIMANGA DU SUD_MANDROALINA","ANALAMARINA",2,0.0033955857385399
"AMBOHIMANGA DU SUD_MANDROALINA","ANALAMPASINA",8,0.0135823429541596
"AMBOHIMANGA DU SUD_MANDROALINA","IFANADIANA",1,0.00169779286926995
"AMBOHIMANGA DU SUD_MANDROALINA","MAROTOKO",1,0.00169779286926995
"AMBOHIMANGA DU SUD_MAROLANANANA","AMBODIMANGA NORD",597,0.937205651491366
"AMBOHIMANGA DU SUD_MAROLANANANA","AMBOHIMANGA DU SUD",32,0.0502354788069074
"AMBOHIMANGA DU SUD_MAROLANANANA","KELILALINA",2,0.00313971742543171
"AMBOHIMANGA DU SUD_MAROLANANANA","TSARATANANA",6,0.00941915227629513
"AMBOHIMANGA DU SUD_MAROSATROKA","AMBOHIMANGA DU SUD",87,0.988636363636364
"AMBOHIMANGA DU SUD_MAROSATROKA","ANALAMARINA",1,0.0113636363636364
"AMBOHIMANGA DU SUD_MASOAROVANA","AMBODIMANGA NORD",5,0.0109649122807018
"AMBOHIMANGA DU SUD_MASOAROVANA","AMBOHIMANGA DU SUD",430,0.942982456140351
"AMBOHIMANGA DU SUD_MASOAROVANA","ANALAMARINA",1,0.00219298245614035
"AMBOHIMANGA DU SUD_MASOAROVANA","ANALAMPASINA",12,0.0263157894736842
"AMBOHIMANGA DU SUD_MASOAROVANA","TSARATANANA",8,0.0175438596491228
"AMBOHIMANGA DU SUD_MORARANO","AMBODIMANGA NORD",26,0.0931899641577061
"AMBOHIMANGA DU SUD_MORARANO","AMBOHIMANGA DU SUD",245,0.878136200716846
"AMBOHIMANGA DU SUD_MORARANO","ANTARETRA",8,0.028673835125448
"AMBOHIMANGA DU SUD_NOSIMBOAHANGY","AMBOHIMANGA DU SUD",162,1
"AMBOHIMANGA DU SUD_SAHAMARANA","AMBODIARA SUD",1,0.0012970168612192
"AMBOHIMANGA DU SUD_SAHAMARANA","AMBODIMANGA NORD",5,0.00648508430609598
"AMBOHIMANGA DU SUD_SAHAMARANA","AMBOHIMANGA DU SUD",759,0.98443579766537
"AMBOHIMANGA DU SUD_SAHAMARANA","ANTARETRA",3,0.00389105058365759
"AMBOHIMANGA DU SUD_SAHAMARANA","TSARATANANA",3,0.00389105058365759
"AMBOHIMANGA DU SUD_SOANIHERENANA NORD","AMBODIARA SUD",2,0.00235849056603774
"AMBOHIMANGA DU SUD_SOANIHERENANA NORD","AMBODIMANGA NORD",668,0.787735849056604
"AMBOHIMANGA DU SUD_SOANIHERENANA NORD","AMBOHIMANGA DU SUD",144,0.169811320754717
"AMBOHIMANGA DU SUD_SOANIHERENANA NORD","ANALAMARINA",1,0.00117924528301887
"AMBOHIMANGA DU SUD_SOANIHERENANA NORD","ANALAMPASINA",32,0.0377358490566038
"AMBOHIMANGA DU SUD_SOANIHERENANA NORD","ANTSINDRA",1,0.00117924528301887
"AMBOHIMANGA DU SUD_VOHITRARIVO","AMBODIMANGA NORD",37,0.902439024390244
"AMBOHIMANGA DU SUD_VOHITRARIVO","AMBOHIMANGA DU SUD",2,0.0487804878048781
"AMBOHIMANGA DU SUD_VOHITRARIVO","ANTARETRA",1,0.024390243902439
"AMBOHIMANGA DU SUD_VOHITRARIVO","IFANADIANA",1,0.024390243902439
"AMBOHIMIERA_AMBINANITOMAROSANA","AMBOHIMANGA DU SUD",3,0.0230769230769231
"AMBOHIMIERA_AMBINANITOMAROSANA","IFANADIANA",1,0.00769230769230769
"AMBOHIMIERA_AMBINANITOMAROSANA","MAROMANANA",126,0.969230769230769
"AMBOHIMIERA_AMBODIMANGA","AMBOHIMIERA",3,1
"AMBOHIMIERA_AMBOHIDAZA","AMBOHIMIERA",4,1
"AMBOHIMIERA_AMBOHIMAHATSINJO","AMBOHIMANGA DU SUD",2,0.0212765957446809
"AMBOHIMIERA_AMBOHIMAHATSINJO","AMBOHIMIERA",25,0.265957446808511
"AMBOHIMIERA_AMBOHIMAHATSINJO","ANALAMARINA",1,0.0106382978723404
"AMBOHIMIERA_AMBOHIMAHATSINJO","MAROMANANA",63,0.670212765957447
"AMBOHIMIERA_AMBOHIMAHATSINJO","TSARATANANA",3,0.0319148936170213
"AMBOHIMIERA_AMBOHIMAHAVELONA","AMBOHIMIERA",1,0.0135135135135135
"AMBOHIMIERA_AMBOHIMAHAVELONA","MAROMANANA",73,0.986486486486487
"AMBOHIMIERA_AMBOHIMIERA","AMBOHIMANGA DU SUD",3,0.000973393900064893
"AMBOHIMIERA_AMBOHIMIERA","AMBOHIMIERA",2959,0.960090850097339
"AMBOHIMIERA_AMBOHIMIERA","ANALAMARINA",4,0.00129785853341986
"AMBOHIMIERA_AMBOHIMIERA","IFANADIANA",58,0.0188189487345879
"AMBOHIMIERA_AMBOHIMIERA","KELILALINA",1,0.000324464633354964
"AMBOHIMIERA_AMBOHIMIERA","MAROMANANA",4,0.00129785853341986
"AMBOHIMIERA_AMBOHIMIERA","RANOMAFANA",5,0.00162232316677482
"AMBOHIMIERA_AMBOHIMIERA","TSARATANANA",48,0.0155743024010383
"AMBOHIMIERA_AMBOHIMILANJA","AMBOHIMIERA",172,0.977272727272727
"AMBOHIMIERA_AMBOHIMILANJA","ANALAMARINA",2,0.0113636363636364
"AMBOHIMIERA_AMBOHIMILANJA","TSARATANANA",2,0.0113636363636364
"AMBOHIMIERA_AMBOLO","MAROMANANA",166,1
"AMBOHIMIERA_AMPANTSONA","AMBOHIMIERA",16,0.5
"AMBOHIMIERA_AMPANTSONA","ANTARETRA",11,0.34375
"AMBOHIMIERA_AMPANTSONA","IFANADIANA",5,0.15625
"AMBOHIMIERA_ANDEMAKA NORD","AMBOHIMIERA",544,0.990892531876138
"AMBOHIMIERA_ANDEMAKA NORD","ANALAMARINA",2,0.00364298724954463
"AMBOHIMIERA_ANDEMAKA NORD","TSARATANANA",3,0.00546448087431694
"AMBOHIMIERA_ANDRORANGAVOLA","AMBOHIMIERA",76,0.95
"AMBOHIMIERA_ANDRORANGAVOLA","MAROMANANA",3,0.0375
"AMBOHIMIERA_ANDRORANGAVOLA","TSARATANANA",1,0.0125
"AMBOHIMIERA_ANTARAMBAKANA","AMBOHIMANGA DU SUD",5,0.0340136054421769
"AMBOHIMIERA_ANTARAMBAKANA","AMBOHIMIERA",75,0.510204081632653
"AMBOHIMIERA_ANTARAMBAKANA","MAROMANANA",67,0.45578231292517
"AMBOHIMIERA_FALIARIVO","AMBOHIMANGA DU SUD",1,0.025
"AMBOHIMIERA_FALIARIVO","AMBOHIMIERA",12,0.3
"AMBOHIMIERA_FALIARIVO","ANALAMARINA",26,0.65
"AMBOHIMIERA_FALIARIVO","MAROMANANA",1,0.025
"AMBOHIMIERA_FIADANANA NORD","AMBOHIMANGA DU SUD",16,0.615384615384615
"AMBOHIMIERA_FIADANANA NORD","AMBOHIMIERA",3,0.115384615384615
"AMBOHIMIERA_FIADANANA NORD","IFANADIANA",1,0.0384615384615385
"AMBOHIMIERA_FIADANANA NORD","MAROMANANA",4,0.153846153846154
"AMBOHIMIERA_FIADANANA NORD","TSARATANANA",2,0.0769230769230769
"AMBOHIMIERA_MANARINONY","AMBOHIMIERA",53,0.143243243243243
"AMBOHIMIERA_MANARINONY","ANALAMARINA",20,0.0540540540540541
"AMBOHIMIERA_MANARINONY","IFANADIANA",1,0.0027027027027027
"AMBOHIMIERA_MANARINONY","TSARATANANA",296,0.8
"AMBOHIMIERA_MAROFOTSY","AMBODIARA SUD",3,0.0065359477124183
"AMBOHIMIERA_MAROFOTSY","AMBOHIMIERA",454,0.989106753812636
"AMBOHIMIERA_MAROFOTSY","FASINTSARA",1,0.00217864923747277
"AMBOHIMIERA_MAROFOTSY","TSARATANANA",1,0.00217864923747277
"AMBOHIMIERA_MAROMANANA","AMBOHIMANGA DU SUD",5,0.0116550116550117
"AMBOHIMIERA_MAROMANANA","AMBOHIMIERA",3,0.00699300699300699
"AMBOHIMIERA_MAROMANANA","FASINTSARA",2,0.00466200466200466
"AMBOHIMIERA_MAROMANANA","IFANADIANA",1,0.00233100233100233
"AMBOHIMIERA_MAROMANANA","MAROMANANA",417,0.972027972027972
"AMBOHIMIERA_MAROMANANA","TSARATANANA",1,0.00233100233100233
"AMBOHIMIERA_SAHALALONA","AMBOHIMIERA",24,0.269662921348315
"AMBOHIMIERA_SAHALALONA","ANALAMARINA",63,0.707865168539326
"AMBOHIMIERA_SAHALALONA","TSARATANANA",2,0.0224719101123595
"AMBOHIMIERA_SAHASOMANGANA","AMBOHIMIERA",664,0.904632152588556
"AMBOHIMIERA_SAHASOMANGANA","IFANADIANA",5,0.00681198910081744
"AMBOHIMIERA_SAHASOMANGANA","RANOMAFANA",5,0.00681198910081744
"AMBOHIMIERA_SAHASOMANGANA","TSARATANANA",60,0.0817438692098093
"AMBOHIMIERA_TSINJORANO","AMBOHIMIERA",643,0.996899224806202
"AMBOHIMIERA_TSINJORANO","ANALAMARINA",1,0.00155038759689922
"AMBOHIMIERA_TSINJORANO","IFANADIANA",1,0.00155038759689922
"AMBOHIMIERA_VOHIMENA","AMBOHIMANGA DU SUD",1,0.00183823529411765
"AMBOHIMIERA_VOHIMENA","AMBOHIMIERA",28,0.0514705882352941
"AMBOHIMIERA_VOHIMENA","ANALAMARINA",10,0.0183823529411765
"AMBOHIMIERA_VOHIMENA","ANTARETRA",1,0.00183823529411765
"AMBOHIMIERA_VOHIMENA","IFANADIANA",37,0.0680147058823529
"AMBOHIMIERA_VOHIMENA","RANOMAFANA",3,0.00551470588235294
"AMBOHIMIERA_VOHIMENA","TSARATANANA",464,0.852941176470588
"AMPASINAMBO_AMBODIARA NORD","AMBODIARA SUD",2,0.00378787878787879
"AMPASINAMBO_AMBODIARA NORD","AMPASINAMBO",394,0.746212121212121
"AMPASINAMBO_AMBODIARA NORD","FASINTSARA",130,0.246212121212121
"AMPASINAMBO_AMBODIARA NORD","MAHASOA",1,0.00189393939393939
"AMPASINAMBO_AMBODIARA NORD","MAROHARATRA",1,0.00189393939393939
"AMPASINAMBO_AMPASIMBOLA I","AMPASINAMBO",562,0.982517482517482
"AMPASINAMBO_AMPASIMBOLA I","FASINTSARA",10,0.0174825174825175
"AMPASINAMBO_AMPASINAMBO","AMBALAVOLO",1,0.000340020401224073
"AMPASINAMBO_AMPASINAMBO","AMBODIARA SUD",11,0.00374022441346481
"AMPASINAMBO_AMPASINAMBO","AMBOHIMANGA DU SUD",2,0.000680040802448147
"AMPASINAMBO_AMPASINAMBO","AMPASINAMBO",2917,0.991839510370622
"AMPASINAMBO_AMPASINAMBO","ANTSINDRA",1,0.000340020401224073
"AMPASINAMBO_AMPASINAMBO","FASINTSARA",9,0.00306018361101666
"AMPASINAMBO_FIADANANA NORD","AMPASINAMBO",188,0.831858407079646
"AMPASINAMBO_FIADANANA NORD","FASINTSARA",38,0.168141592920354
"AMPASINAMBO_MORARANO","FASINTSARA",3,1
"AMPASINAMBO_SAKAVANANA","AMPASINAMBO",482,0.897579143389199
"AMPASINAMBO_SAKAVANANA","FASINTSARA",54,0.100558659217877
"AMPASINAMBO_SAKAVANANA","IFANADIANA",1,0.00186219739292365
"AMPASINAMBO_VOLOBE","AMBODIARA SUD",1,0.00425531914893617
"AMPASINAMBO_VOLOBE","AMPASINAMBO",196,0.834042553191489
"AMPASINAMBO_VOLOBE","FASINTSARA",38,0.161702127659574
"ANALAMPASINA_AMBARO","AMBOHIMANGA DU SUD",9,0.0573248407643312
"ANALAMPASINA_AMBARO","ANALAMPASINA",40,0.254777070063694
"ANALAMPASINA_AMBARO","MAROMANANA",108,0.687898089171974
"ANALAMPASINA_AMBOHIMALAZA","AMBOHIMANGA DU SUD",344,0.487252124645892
"ANALAMPASINA_AMBOHIMALAZA","ANALAMPASINA",343,0.485835694050992
"ANALAMPASINA_AMBOHIMALAZA","MAROMANANA",19,0.0269121813031161
"ANALAMPASINA_AMBOHIMIARINA","AMBOHIMANGA DU SUD",59,0.421428571428571
"ANALAMPASINA_AMBOHIMIARINA","ANALAMPASINA",80,0.571428571428571
"ANALAMPASINA_AMBOHIMIARINA","MAROMANANA",1,0.00714285714285714
"ANALAMPASINA_ANALAMPASINA","AMBOHIMANGA DU SUD",69,0.0344483275087369
"ANALAMPASINA_ANALAMPASINA","AMBOHIMIERA",1,0.000499251123315027
"ANALAMPASINA_ANALAMPASINA","ANALAMPASINA",1927,0.962056914628058
"ANALAMPASINA_ANALAMPASINA","IFANADIANA",3,0.00149775336994508
"ANALAMPASINA_ANALAMPASINA","MAROMANANA",3,0.00149775336994508
"ANALAMPASINA_ANALAVORY","AMBOHIMANGA DU SUD",60,0.55045871559633
"ANALAMPASINA_ANALAVORY","ANALAMPASINA",48,0.440366972477064
"ANALAMPASINA_ANALAVORY","ANTARETRA",1,0.00917431192660551
"ANALAMPASINA_ANDRORANGAVOLA SUD","AMBOHIMANGA DU SUD",1,0.00235849056603774
"ANALAMPASINA_ANDRORANGAVOLA SUD","ANALAMPASINA",404,0.952830188679245
"ANALAMPASINA_ANDRORANGAVOLA SUD","ANDRORANGAVOLA",18,0.0424528301886792
"ANALAMPASINA_ANDRORANGAVOLA SUD","MAROTOKO",1,0.00235849056603774
"ANALAMPASINA_BETAMPO NORD","AMBOHIMANGA DU SUD",3,0.032258064516129
"ANALAMPASINA_BETAMPO NORD","ANALAMPASINA",90,0.967741935483871
"ANALAMPASINA_MANJIRIANA SUD","AMBOHIMANGA DU SUD",8,0.0522875816993464
"ANALAMPASINA_MANJIRIANA SUD","ANALAMPASINA",26,0.169934640522876
"ANALAMPASINA_MANJIRIANA SUD","MAROMANANA",119,0.777777777777778
"ANALAMPASINA_MATSITSIRANO","AMBOHIMANGA DU SUD",16,0.170212765957447
"ANALAMPASINA_MATSITSIRANO","ANALAMPASINA",78,0.829787234042553
"ANDRORANGAVOLA_AMBALATABAKA","ANDRORANGAVOLA",274,0.928813559322034
"ANDRORANGAVOLA_AMBALATABAKA","IFANADIANA",6,0.0203389830508475
"ANDRORANGAVOLA_AMBALATABAKA","MAHASOA",7,0.023728813559322
"ANDRORANGAVOLA_AMBALATABAKA","MAROTOKO",8,0.0271186440677966
"ANDRORANGAVOLA_AMBALAVAONA","ANDRORANGAVOLA",82,0.796116504854369
"ANDRORANGAVOLA_AMBALAVAONA","IFANADIANA",19,0.184466019417476
"ANDRORANGAVOLA_AMBALAVAONA","MAROTOKO",2,0.0194174757281553
"ANDRORANGAVOLA_AMBODIARA NORD","ANDRORANGAVOLA",84,0.390697674418605
"ANDRORANGAVOLA_AMBODIARA NORD","ANTARETRA",8,0.0372093023255814
"ANDRORANGAVOLA_AMBODIARA NORD","IFANADIANA",14,0.0651162790697674
"ANDRORANGAVOLA_AMBODIARA NORD","MAHASOA",108,0.502325581395349
"ANDRORANGAVOLA_AMBODIARA NORD","TSARATANANA",1,0.00465116279069767
"ANDRORANGAVOLA_AMBODIFONTSINA","ANDRORANGAVOLA",9,0.0573248407643312
"ANDRORANGAVOLA_AMBODIFONTSINA","ANTARETRA",43,0.273885350318471
"ANDRORANGAVOLA_AMBODIFONTSINA","IFANADIANA",75,0.477707006369427
"ANDRORANGAVOLA_AMBODIFONTSINA","MAROTOKO",30,0.191082802547771
"ANDRORANGAVOLA_AMBODIRORANGA","AMBOHIMANGA DU SUD",1,0.00177304964539007
"ANDRORANGAVOLA_AMBODIRORANGA","ANDRORANGAVOLA",535,0.948581560283688
"ANDRORANGAVOLA_AMBODIRORANGA","ANTARETRA",8,0.0141843971631206
"ANDRORANGAVOLA_AMBODIRORANGA","IFANADIANA",1,0.00177304964539007
"ANDRORANGAVOLA_AMBODIRORANGA","MAHASOA",10,0.0177304964539007
"ANDRORANGAVOLA_AMBODIRORANGA","MAROTOKO",9,0.0159574468085106
"ANDRORANGAVOLA_AMBOHIMAHAVELONA BETOHO","AMBIABE",2,0.04
"ANDRORANGAVOLA_AMBOHIMAHAVELONA BETOHO","ANDRORANGAVOLA",43,0.86
"ANDRORANGAVOLA_AMBOHIMAHAVELONA BETOHO","ANTARETRA",1,0.02
"ANDRORANGAVOLA_AMBOHIMAHAVELONA BETOHO","MAHASOA",4,0.08
"ANDRORANGAVOLA_AMBOHIMISAFY","ANDRORANGAVOLA",615,0.927601809954751
"ANDRORANGAVOLA_AMBOHIMISAFY","ANTARETRA",9,0.0135746606334842
"ANDRORANGAVOLA_AMBOHIMISAFY","IFANADIANA",4,0.00603318250377074
"ANDRORANGAVOLA_AMBOHIMISAFY","MAHASOA",23,0.0346907993966818
"ANDRORANGAVOLA_AMBOHIMISAFY","MAROTOKO",12,0.0180995475113122
"ANDRORANGAVOLA_AMPASIMPOTSY","AMBIABE",2,0.0023121387283237
"ANDRORANGAVOLA_AMPASIMPOTSY","AMPASINAMBO",1,0.00115606936416185
"ANDRORANGAVOLA_AMPASIMPOTSY","ANDRORANGAVOLA",325,0.375722543352601
"ANDRORANGAVOLA_AMPASIMPOTSY","ANTARETRA",453,0.523699421965318
"ANDRORANGAVOLA_AMPASIMPOTSY","IFANADIANA",6,0.0069364161849711
"ANDRORANGAVOLA_AMPASIMPOTSY","MAHASOA",68,0.0786127167630058
"ANDRORANGAVOLA_AMPASIMPOTSY","MAROTOKO",10,0.0115606936416185
"ANDRORANGAVOLA_ANDRORANGAVOLA","ANDRORANGAVOLA",1749,0.834048640915594
"ANDRORANGAVOLA_ANDRORANGAVOLA","ANTARETRA",86,0.0410109680495947
"ANDRORANGAVOLA_ANDRORANGAVOLA","IFANADIANA",228,0.108726752503577
"ANDRORANGAVOLA_ANDRORANGAVOLA","MAHASOA",25,0.0119217930376729
"ANDRORANGAVOLA_ANDRORANGAVOLA","MAROTOKO",9,0.00429184549356223
"ANDRORANGAVOLA_ANIVORANO","ANDRORANGAVOLA",332,0.552412645590682
"ANDRORANGAVOLA_ANIVORANO","IFANADIANA",4,0.00665557404326123
"ANDRORANGAVOLA_ANIVORANO","MAHASOA",250,0.415973377703827
"ANDRORANGAVOLA_ANIVORANO","MAROTOKO",15,0.0249584026622296
"ANDRORANGAVOLA_LAVAKIANJA SUD","ANDRORANGAVOLA",117,0.9
"ANDRORANGAVOLA_LAVAKIANJA SUD","IFANADIANA",5,0.0384615384615385
"ANDRORANGAVOLA_LAVAKIANJA SUD","MAROTOKO",8,0.0615384615384615
"ANDRORANGAVOLA_MAHASOA","AMBODIMANGA NORD",1,0.000428265524625268
"ANDRORANGAVOLA_MAHASOA","AMPASINAMBO",1,0.000428265524625268
"ANDRORANGAVOLA_MAHASOA","ANDRORANGAVOLA",130,0.0556745182012848
"ANDRORANGAVOLA_MAHASOA","ANTARETRA",283,0.121199143468951
"ANDRORANGAVOLA_MAHASOA","IFANADIANA",7,0.00299785867237687
"ANDRORANGAVOLA_MAHASOA","KELILALINA",3,0.0012847965738758
"ANDRORANGAVOLA_MAHASOA","MAHASOA",1904,0.81541755888651
"ANDRORANGAVOLA_MAHASOA","MAROTOKO",6,0.00256959314775161
"ANDRORANGAVOLA_MANDRIAPOTSY","ANDRORANGAVOLA",32,0.615384615384615
"ANDRORANGAVOLA_MANDRIAPOTSY","IFANADIANA",20,0.384615384615385
"ANDRORANGAVOLA_NOSIBE SUD","AMBIABE",11,0.053921568627451
"ANDRORANGAVOLA_NOSIBE SUD","ANDRORANGAVOLA",159,0.779411764705882
"ANDRORANGAVOLA_NOSIBE SUD","ANTARETRA",2,0.00980392156862745
"ANDRORANGAVOLA_NOSIBE SUD","IFANADIANA",15,0.0735294117647059
"ANDRORANGAVOLA_NOSIBE SUD","MAHASOA",9,0.0441176470588235
"ANDRORANGAVOLA_NOSIBE SUD","MAROTOKO",8,0.0392156862745098
"ANTARETRA_AMBINANIVATOMENA","ANTARETRA",219,0.952173913043478
"ANTARETRA_AMBINANIVATOMENA","ANTSINDRA",4,0.0173913043478261
"ANTARETRA_AMBINANIVATOMENA","IFANADIANA",1,0.00434782608695652
"ANTARETRA_AMBINANIVATOMENA","MAROTOKO",5,0.0217391304347826
"ANTARETRA_AMBINANIVATOMENA","TSARATANANA",1,0.00434782608695652
"ANTARETRA_AMBOATROTROKA","ANALAMPASINA",1,0.000514668039114771
"ANTARETRA_AMBOATROTROKA","ANTARETRA",1909,0.982501286670098
"ANTARETRA_AMBOATROTROKA","IFANADIANA",14,0.00720535254760679
"ANTARETRA_AMBOATROTROKA","MAHASOA",19,0.00977869274318065
"ANTARETRA_AMBODIARA I","ANTARETRA",651,1
"ANTARETRA_AMBODIROTRA","ANTARETRA",1501,1
"ANTARETRA_AMPASIMBE","ANTARETRA",1468,0.890236506973924
"ANTARETRA_AMPASIMBE","IFANADIANA",13,0.007883565797453
"ANTARETRA_AMPASIMBE","MAHASOA",166,0.100667070952092
"ANTARETRA_AMPASIMBE","MAROTOKO",2,0.00121285627653123
"ANTARETRA_ANDONABE","ANTARETRA",3975,0.994247123561781
"ANTARETRA_ANDONABE","IFANADIANA",15,0.00375187593796898
"ANTARETRA_ANDONABE","KELILALINA",1,0.000250125062531266
"ANTARETRA_ANDONABE","MAHASOA",4,0.00100050025012506
"ANTARETRA_ANDONABE","MAROTOKO",1,0.000250125062531266
"ANTARETRA_ANDONABE","RANOMAFANA",2,0.000500250125062531
"ANTARETRA_ANDRANOMAITSO","ANTARETRA",4922,0.985188150520416
"ANTARETRA_ANDRANOMAITSO","IFANADIANA",72,0.0144115292233787
"ANTARETRA_ANDRANOMAITSO","KELILALINA",1,0.000200160128102482
"ANTARETRA_ANDRANOMAITSO","RANOMAFANA",1,0.000200160128102482
"ANTARETRA_ANTARETRA","AMBIABE",1,0.000114051094890511
"ANTARETRA_ANTARETRA","ANDRORANGAVOLA",2,0.000228102189781022
"ANTARETRA_ANTARETRA","ANTARETRA",8618,0.982892335766423
"ANTARETRA_ANTARETRA","IFANADIANA",140,0.0159671532846715
"ANTARETRA_ANTARETRA","MAHASOA",6,0.000684306569343066
"ANTARETRA_ANTARETRA","RANOMAFANA",1,0.000114051094890511
"ANTARETRA_BETAMPONA","ANDRORANGAVOLA",2,0.00122100122100122
"ANTARETRA_BETAMPONA","ANTARETRA",1633,0.996947496947497
"ANTARETRA_BETAMPONA","IFANADIANA",1,0.000610500610500611
"ANTARETRA_BETAMPONA","KELILALINA",2,0.00122100122100122
"ANTARETRA_MORAFENO","ANTARETRA",788,0.981320049813201
"ANTARETRA_MORAFENO","IFANADIANA",11,0.0136986301369863
"ANTARETRA_MORAFENO","MAROTOKO",4,0.0049813200498132
"ANTSINDRA_AMBATOVORY","AMBOHIMANGA DU SUD",4,0.0248447204968944
"ANTSINDRA_AMBATOVORY","ANALAMARINA",1,0.0062111801242236
"ANTSINDRA_AMBATOVORY","ANTSINDRA",153,0.950310559006211
"ANTSINDRA_AMBATOVORY","TSARATANANA",3,0.0186335403726708
"ANTSINDRA_AMPITABE","ANTSINDRA",9,1
"ANTSINDRA_AMPITOMITA","AMBOHIMANGA DU SUD",1,0.00387596899224806
"ANTSINDRA_AMPITOMITA","ANALAMARINA",2,0.00775193798449612
"ANTSINDRA_AMPITOMITA","ANTSINDRA",253,0.98062015503876
"ANTSINDRA_AMPITOMITA","MAROTOKO",2,0.00775193798449612
"ANTSINDRA_ANIVORANO","AMBOHIMANGA DU SUD",51,0.51
"ANTSINDRA_ANIVORANO","ANTSINDRA",49,0.49
"ANTSINDRA_ANTSINDRA","AMBOHIMANGA DU SUD",9,0.0074318744838976
"ANTSINDRA_ANTSINDRA","ANALAMARINA",10,0.00825763831544178
"ANTSINDRA_ANTSINDRA","ANALAMPASINA",2,0.00165152766308836
"ANTSINDRA_ANTSINDRA","ANTARETRA",1,0.000825763831544178
"ANTSINDRA_ANTSINDRA","ANTSINDRA",1168,0.9644921552436
"ANTSINDRA_ANTSINDRA","IFANADIANA",21,0.0173410404624277
"ANTSINDRA_BEFOTAKA","ANTSINDRA",42,0.933333333333333
"ANTSINDRA_BEFOTAKA","TSARATANANA",3,0.0666666666666667
"ANTSINDRA_KIANJAVATO","AMBODIARA SUD",1,0.0104166666666667
"ANTSINDRA_KIANJAVATO","AMBOHIMANGA DU SUD",3,0.03125
"ANTSINDRA_KIANJAVATO","ANALAMARINA",6,0.0625
"ANTSINDRA_KIANJAVATO","ANTSINDRA",81,0.84375
"ANTSINDRA_KIANJAVATO","FASINTSARA",5,0.0520833333333333
"FASINTSARA_AMBALAPAISO","AMBODIARA SUD",4,0.00683760683760684
"FASINTSARA_AMBALAPAISO","AMPASINAMBO",246,0.420512820512821
"FASINTSARA_AMBALAPAISO","FASINTSARA",332,0.567521367521368
"FASINTSARA_AMBALAPAISO","IFANADIANA",1,0.00170940170940171
"FASINTSARA_AMBALAPAISO","MAROHARATRA",2,0.00341880341880342
"FASINTSARA_AMBATOMANJAKA","AMBODIARA SUD",80,0.124610591900312
"FASINTSARA_AMBATOMANJAKA","FASINTSARA",562,0.875389408099688
"FASINTSARA_AMBINANISERY","AMBODIARA SUD",1,0.004
"FASINTSARA_AMBINANISERY","AMPASINAMBO",10,0.04
"FASINTSARA_AMBINANISERY","FASINTSARA",236,0.944
"FASINTSARA_AMBINANISERY","MAROHARATRA",3,0.012
"FASINTSARA_AMBODIARA SUD","AMBODIARA SUD",886,0.850287907869482
"FASINTSARA_AMBODIARA SUD","AMBOHIMANGA DU SUD",3,0.00287907869481766
"FASINTSARA_AMBODIARA SUD","FASINTSARA",153,0.146833013435701
"FASINTSARA_AMBODIVOANGY","AMBODIARA SUD",1,0.02
"FASINTSARA_AMBODIVOANGY","AMPASINAMBO",6,0.12
"FASINTSARA_AMBODIVOANGY","FASINTSARA",43,0.86
"FASINTSARA_AMBOHINIHAONANA","AMBODIARA SUD",8,0.018058690744921
"FASINTSARA_AMBOHINIHAONANA","FASINTSARA",435,0.981941309255079
"FASINTSARA_AMBOHITSARA","AMBODIARA SUD",5,0.0138504155124654
"FASINTSARA_AMBOHITSARA","FASINTSARA",356,0.986149584487535
"FASINTSARA_ANDRANOMAINTSO","AMBODIARA SUD",50,0.625
"FASINTSARA_ANDRANOMAINTSO","AMBOHIMANGA DU SUD",9,0.1125
"FASINTSARA_ANDRANOMAINTSO","ANALAMARINA",1,0.0125
"FASINTSARA_ANDRANOMAINTSO","FASINTSARA",19,0.2375
"FASINTSARA_ANDRANOMAINTSO","IFANADIANA",1,0.0125
"FASINTSARA_ANTENIMBELONA","AMBODIARA SUD",5,0.0140845070422535
"FASINTSARA_ANTENIMBELONA","AMPASINAMBO",4,0.0112676056338028
"FASINTSARA_ANTENIMBELONA","FASINTSARA",346,0.974647887323944
"FASINTSARA_BEFOTAKA","FASINTSARA",190,1
"FASINTSARA_FASINTSARA","AMBODIARA SUD",19,0.0139398385913426
"FASINTSARA_FASINTSARA","AMBOHIMANGA DU SUD",5,0.00366837857666911
"FASINTSARA_FASINTSARA","FASINTSARA",1295,0.9501100513573
"FASINTSARA_FASINTSARA","IFANADIANA",28,0.020542920029347
"FASINTSARA_FASINTSARA","MAHASOA",1,0.000733675715333822
"FASINTSARA_FASINTSARA","MAROHARATRA",10,0.00733675715333822
"FASINTSARA_FASINTSARA","RANOMAFANA",1,0.000733675715333822
"FASINTSARA_FASINTSARA","TSARATANANA",4,0.00293470286133529
"FASINTSARA_MANAKANA SUD","AMBODIARA SUD",92,0.575
"FASINTSARA_MANAKANA SUD","AMBOHIMANGA DU SUD",11,0.06875
"FASINTSARA_MANAKANA SUD","FASINTSARA",57,0.35625
"FASINTSARA_MAROVORAKA","FASINTSARA",250,1
"FASINTSARA_SAHAKONDRO","AMBODIARA SUD",35,0.813953488372093
"FASINTSARA_SAHAKONDRO","AMBOHIMANGA DU SUD",2,0.0465116279069767
"FASINTSARA_SAHAKONDRO","FASINTSARA",6,0.13953488372093
"FASINTSARA_TSARAKIANJA","AMBODIARA SUD",4,0.0296296296296296
"FASINTSARA_TSARAKIANJA","AMBODIMANGA NORD",1,0.00740740740740741
"FASINTSARA_TSARAKIANJA","FASINTSARA",130,0.962962962962963
"FASINTSARA_TSARARIVOTRA","AMBODIARA SUD",3,0.00697674418604651
"FASINTSARA_TSARARIVOTRA","FASINTSARA",426,0.990697674418605
"FASINTSARA_TSARARIVOTRA","IFANADIANA",1,0.00232558139534884
"FASINTSARA_TSARATANANA","AMBODIARA SUD",4,0.0111111111111111
"FASINTSARA_TSARATANANA","AMBOHIMIERA",3,0.00833333333333333
"FASINTSARA_TSARATANANA","FASINTSARA",353,0.980555555555556
"IFANADIANA_AMBODIARA","AMBOHIMANGA DU SUD",2,0.000852151682999574
"IFANADIANA_AMBODIARA","IFANADIANA",2342,0.997869620792501
"IFANADIANA_AMBODIARA","KELILALINA",1,0.000426075841499787
"IFANADIANA_AMBODIARA","MAROTOKO",1,0.000426075841499787
"IFANADIANA_AMBODIARA","RANOMAFANA",1,0.000426075841499787
"IFANADIANA_AMBODIRAFIA II","ANTARETRA",15,0.00810372771474878
"IFANADIANA_AMBODIRAFIA II","IFANADIANA",1834,0.990815775256618
"IFANADIANA_AMBODIRAFIA II","RANOMAFANA",2,0.00108049702863317
"IFANADIANA_AMBORAKA","AMBIABE",1,0.000234301780693533
"IFANADIANA_AMBORAKA","ANTARETRA",1,0.000234301780693533
"IFANADIANA_AMBORAKA","IFANADIANA",4266,0.999531396438613
"IFANADIANA_ANDRANOFOLAHINA","IFANADIANA",1355,0.655856727976767
"IFANADIANA_ANDRANOFOLAHINA","KELILALINA",704,0.340755082284608
"IFANADIANA_ANDRANOFOLAHINA","MAROTOKO",3,0.00145208131655373
"IFANADIANA_ANDRANOFOLAHINA","RANOMAFANA",4,0.00193610842207164
"IFANADIANA_ANTAFOTENINA","ANTARETRA",2,0.000548998078506725
"IFANADIANA_ANTAFOTENINA","IFANADIANA",3641,0.999451001921493
"IFANADIANA_FENOARIVO I","ANTARETRA",19,0.0328719723183391
"IFANADIANA_FENOARIVO I","IFANADIANA",556,0.961937716262976
"IFANADIANA_FENOARIVO I","KELILALINA",2,0.00346020761245675
"IFANADIANA_FENOARIVO I","RANOMAFANA",1,0.00173010380622837
"IFANADIANA_IFANADIANA","AMBIABE",6,0.000319165913080483
"IFANADIANA_IFANADIANA","AMBOHIMANGA DU SUD",19,0.0010106920580882
"IFANADIANA_IFANADIANA","ANALAMARINA",4,0.000212777275386989
"IFANADIANA_IFANADIANA","ANTARETRA",25,0.00132985797116868
"IFANADIANA_IFANADIANA","ANTSINDRA",1,0.0000531943188467472
"IFANADIANA_IFANADIANA","FASINTSARA",1,0.0000531943188467472
"IFANADIANA_IFANADIANA","IFANADIANA",18685,0.993935847651471
"IFANADIANA_IFANADIANA","KELILALINA",18,0.000957497739241449
"IFANADIANA_IFANADIANA","MAROTOKO",1,0.0000531943188467472
"IFANADIANA_IFANADIANA","RANOMAFANA",33,0.00175541252194266
"IFANADIANA_IFANADIANA","TSARATANANA",6,0.000319165913080483
"IFANADIANA_MAROMENA","ANTARETRA",4,0.00122473974280465
"IFANADIANA_MAROMENA","IFANADIANA",3257,0.99724433557869
"IFANADIANA_MAROMENA","KELILALINA",1,0.000306184935701164
"IFANADIANA_MAROMENA","MAROTOKO",1,0.000306184935701164
"IFANADIANA_MAROMENA","RANOMAFANA",2,0.000612369871402327
"IFANADIANA_MAROMENA","TSARATANANA",1,0.000306184935701164
"IFANADIANA_SAHAFITOROKA","ANTARETRA",6,0.00250521920668058
"IFANADIANA_SAHAFITOROKA","IFANADIANA",2383,0.994989561586639
"IFANADIANA_SAHAFITOROKA","KELILALINA",5,0.00208768267223382
"IFANADIANA_SAHAFITOROKA","TSARATANANA",1,0.000417536534446764
"KELILALINA_AMBALADINGANA","AMBIABE",3,0.00233826968043648
"KELILALINA_AMBALADINGANA","IFANADIANA",6,0.00467653936087295
"KELILALINA_AMBALADINGANA","KELILALINA",1235,0.962587685113016
"KELILALINA_AMBALADINGANA","RANOMAFANA",39,0.0303975058456742
"KELILALINA_AMBODIPAISO NORD","AMBIABE",1,0.000568181818181818
"KELILALINA_AMBODIPAISO NORD","IFANADIANA",8,0.00454545454545455
"KELILALINA_AMBODIPAISO NORD","KELILALINA",1748,0.993181818181818
"KELILALINA_AMBODIPAISO NORD","RANOMAFANA",3,0.00170454545454545
"KELILALINA_AMBODIPAISO SUD","IFANADIANA",147,0.0698669201520913
"KELILALINA_AMBODIPAISO SUD","KELILALINA",1957,0.930133079847909
"KELILALINA_AMBODIVOANGY","AMBODIMANGA NORD",1,0.000785545954438335
"KELILALINA_AMBODIVOANGY","AMBOHIMIERA",2,0.00157109190887667
"KELILALINA_AMBODIVOANGY","IFANADIANA",3,0.002356637863315
"KELILALINA_AMBODIVOANGY","KELILALINA",1264,0.992930086410055
"KELILALINA_AMBODIVOANGY","RANOMAFANA",3,0.002356637863315
"KELILALINA_AMBOHINIHAONANA","IFANADIANA",7,0.0049645390070922
"KELILALINA_AMBOHINIHAONANA","KELILALINA",1393,0.987943262411348
"KELILALINA_AMBOHINIHAONANA","RANOMAFANA",10,0.00709219858156028
"KELILALINA_AMPITAMBE","AMPASINAMBO",1,0.00127877237851662
"KELILALINA_AMPITAMBE","ANTARETRA",1,0.00127877237851662
"KELILALINA_AMPITAMBE","KELILALINA",778,0.994884910485934
"KELILALINA_AMPITAMBE","RANOMAFANA",1,0.00127877237851662
"KELILALINA_AMPITAMBE","TSARATANANA",1,0.00127877237851662
"KELILALINA_ANDRANOMAINTY","AMBIABE",1,0.000413393964448119
"KELILALINA_ANDRANOMAINTY","IFANADIANA",28,0.0115750310045473
"KELILALINA_ANDRANOMAINTY","KELILALINA",2390,0.988011575031005
"KELILALINA_ANOSY","IFANADIANA",1,0.00117508813160987
"KELILALINA_ANOSY","KELILALINA",850,0.99882491186839
"KELILALINA_FOTSIALANANA","AMBIABE",6,0.00282885431400283
"KELILALINA_FOTSIALANANA","IFANADIANA",68,0.0320603488920321
"KELILALINA_FOTSIALANANA","KELILALINA",2029,0.956624233851957
"KELILALINA_FOTSIALANANA","RANOMAFANA",18,0.00848656294200849
"KELILALINA_KELILALINA","AMBIABE",4,0.000231133710851728
"KELILALINA_KELILALINA","ANALAMARINA",8,0.000462267421703455
"KELILALINA_KELILALINA","ANTARETRA",2,0.000115566855425864
"KELILALINA_KELILALINA","IFANADIANA",99,0.00572055934358026
"KELILALINA_KELILALINA","KELILALINA",17161,0.991621402981625
"KELILALINA_KELILALINA","RANOMAFANA",30,0.00173350283138796
"KELILALINA_KELILALINA","TSARATANANA",2,0.000115566855425864
"KELILALINA_KIANJANOMBY","ANALAMARINA",1,0.000540540540540541
"KELILALINA_KIANJANOMBY","IFANADIANA",6,0.00324324324324324
"KELILALINA_KIANJANOMBY","KELILALINA",1779,0.961621621621622
"KELILALINA_KIANJANOMBY","RANOMAFANA",2,0.00108108108108108
"KELILALINA_KIANJANOMBY","TSARATANANA",62,0.0335135135135135
"KELILALINA_MANDRIVANY","IFANADIANA",4,0.00117130307467057
"KELILALINA_MANDRIVANY","KELILALINA",3300,0.966325036603221
"KELILALINA_MANDRIVANY","MAROTOKO",108,0.0316251830161054
"KELILALINA_MANDRIVANY","RANOMAFANA",3,0.000878477306002928
"MAROHARATRA_AMBALAVOLO","AMBALAVOLO",1693,0.964123006833713
"MAROHARATRA_AMBALAVOLO","AMBODIARA SUD",1,0.000569476082004556
"MAROHARATRA_AMBALAVOLO","AMBOHIMANGA DU SUD",1,0.000569476082004556
"MAROHARATRA_AMBALAVOLO","FASINTSARA",1,0.000569476082004556
"MAROHARATRA_AMBALAVOLO","MAROHARATRA",58,0.0330296127562642
"MAROHARATRA_AMBALAVOLO","TSARATANANA",2,0.00113895216400911
"MAROHARATRA_AMBINANINDRANO","AMBALAVOLO",30,0.232558139534884
"MAROHARATRA_AMBINANINDRANO","AMBOHIMANGA DU SUD",2,0.0155038759689922
"MAROHARATRA_AMBINANINDRANO","ANTSINDRA",2,0.0155038759689922
"MAROHARATRA_AMBINANINDRANO","FASINTSARA",3,0.0232558139534884
"MAROHARATRA_AMBINANINDRANO","MAROHARATRA",91,0.705426356589147
"MAROHARATRA_AMBINANINDRANO","MAROMANANA",1,0.00775193798449612
"MAROHARATRA_AMBODIMANGA","AMBALAVOLO",357,0.879310344827586
"MAROHARATRA_AMBODIMANGA","AMBODIARA SUD",1,0.00246305418719212
"MAROHARATRA_AMBODIMANGA","AMBOHIMANGA DU SUD",7,0.0172413793103448
"MAROHARATRA_AMBODIMANGA","FASINTSARA",1,0.00246305418719212
"MAROHARATRA_AMBODIMANGA","MAROHARATRA",40,0.0985221674876847
"MAROHARATRA_AMBOHITSARA EST","AMBALAVOLO",67,0.736263736263736
"MAROHARATRA_AMBOHITSARA EST","AMBODIARA SUD",1,0.010989010989011
"MAROHARATRA_AMBOHITSARA EST","MAROHARATRA",23,0.252747252747253
"MAROHARATRA_AMPASIMADINIKA","AMBALAVOLO",64,0.688172043010753
"MAROHARATRA_AMPASIMADINIKA","FASINTSARA",2,0.021505376344086
"MAROHARATRA_AMPASIMADINIKA","IFANADIANA",1,0.010752688172043
"MAROHARATRA_AMPASIMADINIKA","MAROHARATRA",26,0.279569892473118
"MAROHARATRA_AMPASIMADINIKAKELY","AMBALAVOLO",3,0.00738916256157635
"MAROHARATRA_AMPASIMADINIKAKELY","AMBODIARA SUD",223,0.549261083743842
"MAROHARATRA_AMPASIMADINIKAKELY","FASINTSARA",116,0.285714285714286
"MAROHARATRA_AMPASIMADINIKAKELY","IFANADIANA",1,0.00246305418719212
"MAROHARATRA_AMPASIMADINIKAKELY","MAROHARATRA",63,0.155172413793103
"MAROHARATRA_AMPASIMPOTSY","AMBALAVOLO",16,0.0401002506265664
"MAROHARATRA_AMPASIMPOTSY","AMBODIARA SUD",1,0.0025062656641604
"MAROHARATRA_AMPASIMPOTSY","AMBOHIMANGA DU SUD",1,0.0025062656641604
"MAROHARATRA_AMPASIMPOTSY","FASINTSARA",178,0.446115288220551
"MAROHARATRA_AMPASIMPOTSY","MAROHARATRA",203,0.508771929824561
"MAROHARATRA_ANIVORANO","AMBALAVOLO",9,0.346153846153846
"MAROHARATRA_ANIVORANO","AMBOHIMANGA DU SUD",3,0.115384615384615
"MAROHARATRA_ANIVORANO","ANALAMPASINA",1,0.0384615384615385
"MAROHARATRA_ANIVORANO","IFANADIANA",1,0.0384615384615385
"MAROHARATRA_ANIVORANO","MAROHARATRA",12,0.461538461538462
"MAROHARATRA_ANTANJOMANGA","AMBALAVOLO",2,0.0540540540540541
"MAROHARATRA_ANTANJOMANGA","AMPASINAMBO",1,0.027027027027027
"MAROHARATRA_ANTANJOMANGA","ANALAMPASINA",19,0.513513513513513
"MAROHARATRA_ANTANJOMANGA","FASINTSARA",11,0.297297297297297
"MAROHARATRA_ANTANJOMANGA","IFANADIANA",2,0.0540540540540541
"MAROHARATRA_ANTANJOMANGA","MAROHARATRA",2,0.0540540540540541
"MAROHARATRA_BETAMPONA NORD","AMBALAVOLO",3,0.0180722891566265
"MAROHARATRA_BETAMPONA NORD","AMBOHIMIERA",1,0.00602409638554217
"MAROHARATRA_BETAMPONA NORD","ANALAMPASINA",92,0.55421686746988
"MAROHARATRA_BETAMPONA NORD","FASINTSARA",2,0.0120481927710843
"MAROHARATRA_BETAMPONA NORD","MAROHARATRA",68,0.409638554216867
"MAROHARATRA_MAHATSARA","AMBALAVOLO",10,0.126582278481013
"MAROHARATRA_MAHATSARA","AMBOHIMANGA DU SUD",2,0.0253164556962025
"MAROHARATRA_MAHATSARA","IFANADIANA",4,0.0506329113924051
"MAROHARATRA_MAHATSARA","MAROHARATRA",63,0.79746835443038
"MAROHARATRA_MALAZAMASINA NORD","FASINTSARA",8,0.0909090909090909
"MAROHARATRA_MALAZAMASINA NORD","MAROHARATRA",80,0.909090909090909
"MAROHARATRA_MALAZAMASINA SUD","AMBALAVOLO",22,0.25
"MAROHARATRA_MALAZAMASINA SUD","AMBODIARA SUD",1,0.0113636363636364
"MAROHARATRA_MALAZAMASINA SUD","MAROHARATRA",64,0.727272727272727
"MAROHARATRA_MALAZAMASINA SUD","TSARATANANA",1,0.0113636363636364
"MAROHARATRA_MALEMIAMBO","AMBALAVOLO",4,0.0396039603960396
"MAROHARATRA_MALEMIAMBO","FASINTSARA",2,0.0198019801980198
"MAROHARATRA_MALEMIAMBO","MAROHARATRA",95,0.940594059405941
"MAROHARATRA_MANAKANA","AMBALAVOLO",1,0.1
"MAROHARATRA_MANAKANA","MAROHARATRA",9,0.9
"MAROHARATRA_MAROHARATRA","AMBALAVOLO",1,0.000645577792123951
"MAROHARATRA_MAROHARATRA","AMBOHIMANGA DU SUD",13,0.00839251129761136
"MAROHARATRA_MAROHARATRA","FASINTSARA",2,0.0012911555842479
"MAROHARATRA_MAROHARATRA","IFANADIANA",16,0.0103292446739832
"MAROHARATRA_MAROHARATRA","MAROHARATRA",1517,0.979341510652034
"MAROHARATRA_SAHOMBY","AMBALAVOLO",3,0.103448275862069
"MAROHARATRA_SAHOMBY","AMBODIARA SUD",1,0.0344827586206897
"MAROHARATRA_SAHOMBY","FASINTSARA",6,0.206896551724138
"MAROHARATRA_SAHOMBY","MAROHARATRA",16,0.551724137931034
"MAROHARATRA_SAHOMBY","MAROTOKO",2,0.0689655172413793
"MAROHARATRA_SAHOMBY","RANOMAFANA",1,0.0344827586206897
"MAROHARATRA_SOANIERANA","AMBALAVOLO",7,0.0315315315315315
"MAROHARATRA_SOANIERANA","AMBODIARA SUD",1,0.0045045045045045
"MAROHARATRA_SOANIERANA","MAROHARATRA",214,0.963963963963964
"MAROHARATRA_TANAMBAO OUEST","AMBALAVOLO",4,0.0199004975124378
"MAROHARATRA_TANAMBAO OUEST","AMBOHIMANGA DU SUD",5,0.0248756218905473
"MAROHARATRA_TANAMBAO OUEST","FASINTSARA",11,0.054726368159204
"MAROHARATRA_TANAMBAO OUEST","MAROHARATRA",181,0.900497512437811
"MAROTOKO_AMBALAVIA","ANALAMARINA",1,0.00769230769230769
"MAROTOKO_AMBALAVIA","ANDRORANGAVOLA",4,0.0307692307692308
"MAROTOKO_AMBALAVIA","IFANADIANA",4,0.0307692307692308
"MAROTOKO_AMBALAVIA","MAROTOKO",121,0.930769230769231
"MAROTOKO_AMBARIJATSY","ANDRORANGAVOLA",15,0.223880597014925
"MAROTOKO_AMBARIJATSY","MAHASOA",5,0.0746268656716418
"MAROTOKO_AMBARIJATSY","MAROTOKO",47,0.701492537313433
"MAROTOKO_AMBATOMITRATRAKA","MAROTOKO",141,1
"MAROTOKO_AMBOATROTROKA","ANDRORANGAVOLA",8,0.020997375328084
"MAROTOKO_AMBOATROTROKA","ANTARETRA",23,0.0603674540682415
"MAROTOKO_AMBOATROTROKA","MAROTOKO",350,0.918635170603675
"MAROTOKO_AMBODIARA SUD","ANDRORANGAVOLA",10,0.0258397932816537
"MAROTOKO_AMBODIARA SUD","MAHASOA",210,0.542635658914729
"MAROTOKO_AMBODIARA SUD","MAROTOKO",167,0.431524547803618
"MAROTOKO_AMBOHIMAHAVELONA","MAROTOKO",124,1
"MAROTOKO_KIANJANOMBY","ANTARETRA",1,0.00104493207941484
"MAROTOKO_KIANJANOMBY","IFANADIANA",1,0.00104493207941484
"MAROTOKO_KIANJANOMBY","MAROTOKO",955,0.99791013584117
"MAROTOKO_MANAMPANDRANA","IFANADIANA",2,0.00476190476190476
"MAROTOKO_MANAMPANDRANA","MAROTOKO",418,0.995238095238095
"MAROTOKO_MANDIAFASINA","ANDRORANGAVOLA",26,0.0458553791887125
"MAROTOKO_MANDIAFASINA","ANTARETRA",1,0.0017636684303351
"MAROTOKO_MANDIAFASINA","IFANADIANA",1,0.0017636684303351
"MAROTOKO_MANDIAFASINA","MAHASOA",2,0.00352733686067019
"MAROTOKO_MANDIAFASINA","MAROTOKO",535,0.943562610229277
"MAROTOKO_MANDIAFASINA","RANOMAFANA",2,0.00352733686067019
"MAROTOKO_MAROTOKO","ANALAMPASINA",1,0.000353107344632768
"MAROTOKO_MAROTOKO","ANDRORANGAVOLA",9,0.00317796610169492
"MAROTOKO_MAROTOKO","ANTARETRA",1,0.000353107344632768
"MAROTOKO_MAROTOKO","IFANADIANA",43,0.015183615819209
"MAROTOKO_MAROTOKO","MAHASOA",5,0.00176553672316384
"MAROTOKO_MAROTOKO","MAROTOKO",2771,0.978460451977401
"MAROTOKO_MAROTOKO","RANOMAFANA",2,0.000706214689265537
"RANOMAFANA_AMBATOLAHY","RANOMAFANA",3473,1
"RANOMAFANA_AMBODIAVIAVY","IFANADIANA",2,0.000699790062981106
"RANOMAFANA_AMBODIAVIAVY","KELILALINA",382,0.133659902029391
"RANOMAFANA_AMBODIAVIAVY","RANOMAFANA",2474,0.865640307907628
"RANOMAFANA_AMPASIMPOTSY","IFANADIANA",18,0.00649350649350649
"RANOMAFANA_AMPASIMPOTSY","KELILALINA",557,0.200937950937951
"RANOMAFANA_AMPASIMPOTSY","MAROTOKO",2,0.000721500721500722
"RANOMAFANA_AMPASIMPOTSY","RANOMAFANA",2195,0.791847041847042
"RANOMAFANA_MENARANO","IFANADIANA",10,0.00534473543559594
"RANOMAFANA_MENARANO","KELILALINA",4,0.00213789417423838
"RANOMAFANA_MENARANO","RANOMAFANA",1857,0.992517370390166
"RANOMAFANA_RANOMAFANA","AMBOHIMANGA DU SUD",2,0.00016767270288397
"RANOMAFANA_RANOMAFANA","ANTARETRA",1,0.0000838363514419852
"RANOMAFANA_RANOMAFANA","IFANADIANA",22,0.00184439973172368
"RANOMAFANA_RANOMAFANA","KELILALINA",42,0.00352112676056338
"RANOMAFANA_RANOMAFANA","MAROTOKO",1,0.0000838363514419852
"RANOMAFANA_RANOMAFANA","RANOMAFANA",11860,0.994299128101945
"RANOMAFANA_SAHANDRAZANA","AMBOHIMIERA",47,0.147798742138365
"RANOMAFANA_SAHANDRAZANA","KELILALINA",15,0.0471698113207547
"RANOMAFANA_SAHANDRAZANA","RANOMAFANA",256,0.805031446540881
"RANOMAFANA_TSARAMANDROSO","AMBOHIMIERA",1,0.000350385423966363
"RANOMAFANA_TSARAMANDROSO","IFANADIANA",1,0.000350385423966363
"RANOMAFANA_TSARAMANDROSO","KELILALINA",408,0.142957252978276
"RANOMAFANA_TSARAMANDROSO","RANOMAFANA",2444,0.856341976173791
"RANOMAFANA_VOHIMARINA","IFANADIANA",3,0.00638297872340425
"RANOMAFANA_VOHIMARINA","KELILALINA",35,0.074468085106383
"RANOMAFANA_VOHIMARINA","RANOMAFANA",432,0.919148936170213
"TSARATANANA_AMBALAFARY","ANALAMARINA",13,0.0184921763869132
"TSARATANANA_AMBALAFARY","ANTARETRA",1,0.00142247510668563
"TSARATANANA_AMBALAFARY","ANTSINDRA",1,0.00142247510668563
"TSARATANANA_AMBALAFARY","IFANADIANA",5,0.00711237553342817
"TSARATANANA_AMBALAFARY","KELILALINA",2,0.00284495021337127
"TSARATANANA_AMBALAFARY","TSARATANANA",681,0.968705547652916
"TSARATANANA_AMBALAFATAKANA EST","AMBOHIMANGA DU SUD",1,0.00182815356489945
"TSARATANANA_AMBALAFATAKANA EST","ANALAMARINA",54,0.0987202925045704
"TSARATANANA_AMBALAFATAKANA EST","ANTARETRA",2,0.0036563071297989
"TSARATANANA_AMBALAFATAKANA EST","IFANADIANA",2,0.0036563071297989
"TSARATANANA_AMBALAFATAKANA EST","TSARATANANA",488,0.892138939670932
"TSARATANANA_AMBATOHARANANA","ANALAMARINA",27,0.0213607594936709
"TSARATANANA_AMBATOHARANANA","ANTARETRA",34,0.0268987341772152
"TSARATANANA_AMBATOHARANANA","IFANADIANA",27,0.0213607594936709
"TSARATANANA_AMBATOHARANANA","KELILALINA",2,0.00158227848101266
"TSARATANANA_AMBATOHARANANA","TSARATANANA",1174,0.92879746835443
"TSARATANANA_AMBATOHARANANAKELY","AMBOHIMANGA DU SUD",3,0.00862068965517241
"TSARATANANA_AMBATOHARANANAKELY","ANALAMARINA",3,0.00862068965517241
"TSARATANANA_AMBATOHARANANAKELY","ANTARETRA",49,0.140804597701149
"TSARATANANA_AMBATOHARANANAKELY","IFANADIANA",26,0.0747126436781609
"TSARATANANA_AMBATOHARANANAKELY","TSARATANANA",267,0.767241379310345
"TSARATANANA_AMBODIGOAVY","ANALAMARINA",5,0.00422654268808115
"TSARATANANA_AMBODIGOAVY","ANDRORANGAVOLA",1,0.00084530853761623
"TSARATANANA_AMBODIGOAVY","IFANADIANA",12,0.0101437024513948
"TSARATANANA_AMBODIGOAVY","TSARATANANA",1165,0.984784446322908
"TSARATANANA_AMBODIMANGA EST","ANALAMARINA",17,0.0355648535564854
"TSARATANANA_AMBODIMANGA EST","ANTARETRA",1,0.00209205020920502
"TSARATANANA_AMBODIMANGA EST","ANTSINDRA",1,0.00209205020920502
"TSARATANANA_AMBODIMANGA EST","IFANADIANA",61,0.127615062761506
"TSARATANANA_AMBODIMANGA EST","TSARATANANA",398,0.832635983263598
"TSARATANANA_AMBODIMANGA OUEST","ANALAMARINA",18,0.00841908325537886
"TSARATANANA_AMBODIMANGA OUEST","ANTARETRA",4,0.00187090739008419
"TSARATANANA_AMBODIMANGA OUEST","IFANADIANA",1,0.000467726847521048
"TSARATANANA_AMBODIMANGA OUEST","RANOMAFANA",2,0.000935453695042095
"TSARATANANA_AMBODIMANGA OUEST","TSARATANANA",2113,0.988306828811974
"TSARATANANA_AMBODIRAFIA EST","ANALAMARINA",5,0.00506072874493927
"TSARATANANA_AMBODIRAFIA EST","ANTARETRA",2,0.00202429149797571
"TSARATANANA_AMBODIRAFIA EST","TSARATANANA",981,0.992914979757085
"TSARATANANA_AMBOHIMASINA","AMBOHIMANGA DU SUD",1,0.0045662100456621
"TSARATANANA_AMBOHIMASINA","ANALAMARINA",13,0.0593607305936073
"TSARATANANA_AMBOHIMASINA","ANTARETRA",14,0.0639269406392694
"TSARATANANA_AMBOHIMASINA","ANTSINDRA",2,0.0091324200913242
"TSARATANANA_AMBOHIMASINA","IFANADIANA",3,0.0136986301369863
"TSARATANANA_AMBOHIMASINA","RANOMAFANA",1,0.0045662100456621
"TSARATANANA_AMBOHIMASINA","TSARATANANA",185,0.844748858447489
"TSARATANANA_AMBOHIMITA","ANALAMARINA",205,0.460674157303371
"TSARATANANA_AMBOHIMITA","ANTARETRA",41,0.0921348314606742
"TSARATANANA_AMBOHIMITA","IFANADIANA",3,0.00674157303370787
"TSARATANANA_AMBOHIMITA","TSARATANANA",196,0.440449438202247
"TSARATANANA_AMBOHINIHAONANA","AMBOHIMIERA",2,0.00190294957183635
"TSARATANANA_AMBOHINIHAONANA","ANALAMARINA",15,0.0142721217887726
"TSARATANANA_AMBOHINIHAONANA","ANTARETRA",2,0.00190294957183635
"TSARATANANA_AMBOHINIHAONANA","IFANADIANA",1,0.000951474785918173
"TSARATANANA_AMBOHINIHAONANA","TSARATANANA",1031,0.980970504281637
"TSARATANANA_AMBOHIPO","AMBOHIMANGA DU SUD",4,0.00332502078137988
"TSARATANANA_AMBOHIPO","AMBOHIMIERA",13,0.0108063175394846
"TSARATANANA_AMBOHIPO","ANALAMARINA",1,0.000831255195344971
"TSARATANANA_AMBOHIPO","IFANADIANA",2,0.00166251039068994
"TSARATANANA_AMBOHIPO","TSARATANANA",1183,0.983374896093101
"TSARATANANA_AMBOHITSARA I","AMBOHIMANGA DU SUD",4,0.000710353400816906
"TSARATANANA_AMBOHITSARA I","ANALAMARINA",4,0.000710353400816906
"TSARATANANA_AMBOHITSARA I","ANTARETRA",2,0.000355176700408453
"TSARATANANA_AMBOHITSARA I","ANTSINDRA",6,0.00106553010122536
"TSARATANANA_AMBOHITSARA I","IFANADIANA",8,0.00142070680163381
"TSARATANANA_AMBOHITSARA I","KELILALINA",1,0.000177588350204227
"TSARATANANA_AMBOHITSARA I","RANOMAFANA",1,0.000177588350204227
"TSARATANANA_AMBOHITSARA I","TSARATANANA",5605,0.99538270289469
"TSARATANANA_ANALAMARINA","AMBOHIMANGA DU SUD",3,0.00189633375474083
"TSARATANANA_ANALAMARINA","AMBOHIMIERA",25,0.015802781289507
"TSARATANANA_ANALAMARINA","ANALAMARINA",1314,0.830594184576485
"TSARATANANA_ANALAMARINA","RANOMAFANA",1,0.000632111251580278
"TSARATANANA_ANALAMARINA","TSARATANANA",239,0.151074589127686
"TSARATANANA_ANDRORANGAVOLA VATOFOTSY","ANALAMARINA",5,0.0050761421319797
"TSARATANANA_ANDRORANGAVOLA VATOFOTSY","IFANADIANA",55,0.0558375634517767
"TSARATANANA_ANDRORANGAVOLA VATOFOTSY","KELILALINA",6,0.00609137055837563
"TSARATANANA_ANDRORANGAVOLA VATOFOTSY","TSARATANANA",919,0.932994923857868
"TSARATANANA_ANTARALAVA","AMBOHIMANGA DU SUD",2,0.00428265524625268
"TSARATANANA_ANTARALAVA","ANALAMARINA",2,0.00428265524625268
"TSARATANANA_ANTARALAVA","IFANADIANA",3,0.00642398286937901
"TSARATANANA_ANTARALAVA","TSARATANANA",460,0.985010706638116
"TSARATANANA_BEFARY","ANALAMARINA",10,0.0207900207900208
"TSARATANANA_BEFARY","ANTARETRA",4,0.00831600831600832
"TSARATANANA_BEFARY","ANTSINDRA",1,0.00207900207900208
"TSARATANANA_BEFARY","IFANADIANA",7,0.0145530145530146
"TSARATANANA_BEFARY","TSARATANANA",459,0.954261954261954
"TSARATANANA_MAROFOTOTRA","ANALAMARINA",168,0.593639575971731
"TSARATANANA_MAROFOTOTRA","TSARATANANA",115,0.406360424028269
"TSARATANANA_SAHOFIKA","AMBOHIMANGA DU SUD",1,0.000310077519379845
"TSARATANANA_SAHOFIKA","AMBOHIMIERA",3,0.000930232558139535
"TSARATANANA_SAHOFIKA","ANALAMARINA",10,0.00310077519379845
"TSARATANANA_SAHOFIKA","ANTSINDRA",1,0.000310077519379845
"TSARATANANA_SAHOFIKA","IFANADIANA",95,0.0294573643410853
"TSARATANANA_SAHOFIKA","KELILALINA",1,0.000310077519379845
"TSARATANANA_SAHOFIKA","MAROTOKO",1,0.000310077519379845
"TSARATANANA_SAHOFIKA","RANOMAFANA",3,0.000930232558139535
"TSARATANANA_SAHOFIKA","TSARATANANA",3110,0.964341085271318
"TSARATANANA_SANDRAKELY","ANALAMARINA",56,0.0482342807924203
"TSARATANANA_SANDRAKELY","IFANADIANA",3,0.00258397932816537
"TSARATANANA_SANDRAKELY","KELILALINA",1,0.000861326442721792
"TSARATANANA_SANDRAKELY","TSARATANANA",1101,0.948320413436692
"TSARATANANA_SANDRASATY","AMBOHIMANGA DU SUD",8,0.0321285140562249
"TSARATANANA_SANDRASATY","ANALAMARINA",208,0.835341365461847
"TSARATANANA_SANDRASATY","IFANADIANA",1,0.00401606425702811
"TSARATANANA_SANDRASATY","TSARATANANA",32,0.1285140562249
"TSARATANANA_TSARATANANA","AMBOHIMANGA DU SUD",2,0.000316555872111428
"TSARATANANA_TSARATANANA","ANALAMARINA",14,0.00221589110477999
"TSARATANANA_TSARATANANA","ANTARETRA",2,0.000316555872111428
"TSARATANANA_TSARATANANA","ANTSINDRA",37,0.00585628363406141
"TSARATANANA_TSARATANANA","IFANADIANA",192,0.0303893637226971
"TSARATANANA_TSARATANANA","KELILALINA",2,0.000316555872111428
"TSARATANANA_TSARATANANA","RANOMAFANA",1,0.000158277936055714
"TSARATANANA_TSARATANANA","TSARATANANA",6068,0.960430515986072
"TSARATANANA_VOHITRARIVO","ANALAMARINA",4,0.00134003350083752
"TSARATANANA_VOHITRARIVO","ANTARETRA",21,0.00703517587939699
"TSARATANANA_VOHITRARIVO","IFANADIANA",4,0.00134003350083752
"TSARATANANA_VOHITRARIVO","TSARATANANA",2956,0.990284757118928
